id,name
e2d8892c,Paris S-G
990519b8,Independiente-del-Valle
c2e6b53b,Antwerp
f0ac8ee6,Eintracht-Frankfurt
53a2f082,Real-Madrid
add600ae,Dortmund
d609edc0,Internazionale
5e876ee6,Porto
79cadc09,Wolverhampton-Wanderers-U23
8cec06e1,Wolverhampton-Wanderers
a77c513e,Benfica
d53c0b06,Lyon
13dc44fd,Sporting-CP
dc56fe14,Milan
cf74a709,Roma
fc536746,Real-Betis
6c8b07df,Elche
d48ad4ff,Napoli
b3072e00,Rennes
206d90db,Barcelona
5f232eb1,Sao-Paulo
dcc91a7b,Valencia
2aa12281,Mallorca
5a8dc328,Lokomotiv-Moscow
5625a7da,Rubin-Kazan
fa11a9cc,Krasnodar
db3b9613,Atletico-Madrid
054efa67,Bayern-Munich
a8661628,Espanyol
8602292d,Aston-Villa
d7a486cd,Nantes
e0652b02,Juventus
8ff9e3b3,Sampdoria
ae1e2d7d,Fenerbahce
7c21e445,West-Ham-United
acbb6a5b,RB-Leipzig
ae23a242,Jeonbuk-Hyundai-Motors
8ab37ab8,Beijing-Sinobo-Guoan
590e9120,Leyton-Orient
e3c537a1,Millwall
1c781004,Norwich-City
a2d435b3,Leicester-City
361ca564,Tottenham-Hotspur
67909e74,Reading-U23
b0ac61ff,Reading
62c221d0,Crystal-Palace-U23
47c64c55,Crystal-Palace
c539e393,Schalke-04
50f2a074,Red-Bull-Salzburg
8b10a09d,Bayern-Munich-U17
a4a1c462,Bayern-Munich-U19
9133b975,Bayern-Munich-II
2cbb6f5a,Whitecaps-FC-2
ab41cb90,Vancouver-Whitecaps-FC
b8fd03ef,Manchester-City
e41e516f,Manchester-City-U23
b42c6323,Bochum
74229020,Caen
d2c87802,Lorient
18bb7c10,Arsenal
60c6b05f,West-Bromwich-Albion
62add3bf,Werder-Bremen
033ea6b8,Hoffenheim
c7a9f859,Bayer-Leverkusen
5b499073,Koln-U17
7978e9a3,Koln-U19
bc357bf7,Koln
5cb328f2,Jahn-Regensburg
12192a4c,Greuther-Furth
e4502862,Moreirense
19dc476f,Belenenses
69d84c29,Braga
fd962109,Fulham
8dfb7350,Dijon
ecd11ca2,Galatasaray
16fa293c,Jubilo-Iwata
9c584cf2,Nagoya-Grampus
598bc722,Stuttgart
2959ee71,Stuttgart-II
26790c6a,Hamburger-SV
209d7fa2,Vitesse
edd0d381,Dinamo-Zagreb
a224b06a,Mainz-05
17859612,Valladolid
6a7ad59d,Frosinone
7213da33,Lazio
b0333581,AIK-Stockholm
605aca82,Central-Coast-Mariners
a4302376,Adelaide-United
7b66a29c,Grasshopper
81d83299,Hertha-BSC-U17
b7f03da0,Hertha-BSC-U19
60b5e41f,Hannover-96
df7c9b00,Hannover-96-II
f205258a,Avai
3f319bc9,Vitoria-Guimaraes
a93e668c,Leeds-United-U23
5bfb9659,Leeds-United
0049d422,Las-Palmas
123f3efe,Bordeaux
ad2be733,Sevilla
e31d1cd9,Real-Sociedad
2b390eca,Athletic-Club
fdba14df,Lech-Poznan
cd051869,Brentford
f0479d7b,Willem-II
a26209d7,Jong-Ajax
19c3f8c4,Ajax
9024a00a,Girona
d10036ca,Boston-River
32f3ee20,Monchengladbach
d07537b9,Brighton-and-Hove-Albion
cff3d9bb,Chelsea
32dd63ea,Freiburg-U17
73178cb3,FC-Andorra
9800b6a1,Levante
28c9c3cd,Como
b81aa4fa,Celtic
822bd0ba,Liverpool
d3d9424a,Basel
421387cf,Fiorentina
bec05adb,Groningen
33c895d4,Southampton
ed54a8b3,Southampton-U23
d01a653b,Argentinos-Juniors
795ca75e,Boca-Juniors
b9cd3c9a,Sochaux
e850256c,RB-Leipzig-U19
b281fa3b,Junior
e986ece7,Dundee-United
bd8769d1,Hull-City
6f7e1f03,Internacional
071dd6bd,Liverpool-U23
8e1ea572,Jong-PSV
e334d850,PSV-Eindhoven
33861392,Liverpool-U21
e2d73ee6,Penarol
78ecf4bb,Almeria
f6af6f6f,Pacos-de-Ferreira
2fdb4aef,Olympiacos
31aa0dd4,Esbjerg
445d3104,Bolton-Wanderers
654f3ca6,Bristol-Rovers
1a921e1f,Shonan-Bellmare
f812e711,Urawa-Red-Diamonds
80328a1e,Sint-Truiden
7a8db6d4,Charlton-Athletic
415ce479,Fulham-U23
e090f40b,Blackburn-Rovers
b4c2d36f,Blackburn-Rovers-U21
cc320bb0,Leicester-City-U21
3b27de1f,Notts-County
c6ce4b54,Stockport
3f4fe568,Sturm-Graz
22327064,Tranmere-Rovers
f13a527f,Crewe-Alexandra
2a60ed82,Deportivo-La-Coruna
fd6114db,Monaco
ec79b7c2,Birmingham-City
1e972a99,Genk
09080694,Chelsea-U23
639950ae,Flamengo
712c528f,Santos
1b286de7,Real-Madrid-Castilla
98e8af82,Rayo-Vallecano
5c2737db,Le-Havre
c4770a69,FC-Dnipro
946a30cb,Zorya-Luhansk
7c6f2c78,Leganes
ab358912,Oviedo
abdce579,Palmeiras
800303a0,Zaragoza
a0435291,Granada
27b6696c,RNK-Split
ea115eb3,Lokomotiva
0e72edf2,Hellas-Verona
46f8c29f,Reggina
a3d88bd8,Empoli
04eea015,Udinese
1d2fe027,SPAL
7fdd64e0,Reims
5725cc7b,Marseille
2a8183b3,Villarreal
19538871,Manchester-United
92aca032,Manchester-United-U23
b985784c,Pescara
e2befd26,Sassuolo
08ad393c,Anderlecht
d3fd31cc,Everton
1850e3f9,Nordsjaelland
f25da7fb,Celta-Vigo
26ebba72,Nacional
7848bd64,Getafe
b7e3e46e,Albacete
105360fe,Torino
71f07916,Carpi
a6a65dea,Trapani
215a8f32,Virtus-Lanciano
45a2f824,Siena
2591250b,Vicenza
922493f3,Atalanta
37cba288,Perugia
eab4234c,Parma
af5d5982,Venezia
c5577084,Salernitana
ef99c78c,River-Plate
06c1606c,Banfield
658bf2de,Genoa
c4260e09,Cagliari
cc919b35,Chievo
01baa639,Bari
f1e6c5f1,Club-Brugge
bb14adb3,RKC-Waalwijk
8d6fd021,Alaves
f5922ca5,Huddersfield-Town
4ba7cbea,Bournemouth
21680aa4,Monza
21d18cee,Pordenone
d6ffefd1,Kasimpasa
68449f6d,Spezia
ff04e205,CFR-Cluj
f201f5dd,Virtus-Entella
3074d7b1,Crotone
9aad3a77,Cremonese
ffcbe334,Lecce
f98930d1,Red-Bull-Bragantino
b1b46fc3,Vaduz
8e20e13d,Racing-Club
dc099c92,Metalurh-Donetsk
e89d5a28,Shakhtar-Donetsk
d41b5f53,Guingamp
146a68ce,Sparta-Rotterdam
193ff7aa,Heerenveen
33ba9d7b,Karlsruher
72c031e3,Ascoli
2eaa8331,Sion
2ac661d9,Holstein-Kiel
45b403c3,Roda-JC-Kerkrade
9ae196bd,AGF
fb4ca611,Feyenoord
4e5f8b9a,Padova
ee058a17,Palermo
cb188c0c,Lille
bf4acd28,Corinthians
95f42e44,Persepolis
eea856da,Rio-Ave
a1f721d3,Twente
17892952,Stoke-City
c48512d3,Shanghai-SIPG
1d8099f8,Bologna
df734df9,Estudiantes-LP
3c079def,New-England-Revolution
ceda2145,Talleres
8a9d5afa,Independiente-Rivadavia
1a8d4355,Cittadella
c4afcbfa,Latina
d8be8b3e,Ternana
34963d0d,Cosenza
19008e93,Reggiana
379ce81a,Carrarese
b1278397,Dusseldorf
ea1d7427,Barcelona-B
ecf53eea,Leverkusen-U19
ab75e049,Brondby
ecb862be,Sparta-Prague
4a2ec81c,Bohemians-1905
ac36c181,Dresden
432f2430,Wehen-Wiesbaden
18d9d2a7,Heidenheim
7a41008f,Union-Berlin
f780fd06,Excel-Mouscron
4472d406,Dinamo-Bucuresti
bea5c710,Eibar
943e8050,Burnley
66cc304a,Laval
281b0e73,Montpellier
d86248bd,BodoGlimt
e14f61a5,Union-SG
1b295b25,Swindon-Town
b09787c5,Burton-Albion
3f8c4b5f,Toulouse
1f68d780,America-MG
c0d3eab4,Strasbourg
40347053,Dortmund-II
38bf50d2,Cultural-Leonesa
45a67fe8,Leverkusen-U17
d69d0df7,Hallescher
bbcef8c7,Preussen-Munster
c241ee1a,Sandhausen
92bfd7f0,Hammarby
41c139b6,Velez-Sarsfield
c6f58d53,De-Graafschap
d15a7c1e,Uniao-de-Leiria
e88fc6e5,Nancy
fb08dbb3,Brest
6009ff35,Cordoba
c6c493e6,Huesca
fb10988f,Swansea-City
a4570206,Defensa-y-Justicia
87a920fa,Rosario-Central
6a329209,Gil-Vicente-FC
90e37d3a,Rosenborg
3c4fb635,Midtjylland
51e5a603,Gent
c8ad3091,Trabzonspor
5905b07a,Belenenses-SAD
33c6b26e,Standard-Liege
98ce363d,Zenit
b9040312,Tianjin-Quangjiang
03c57e2b,Osasuna
3640715c,CD-Mirandes
c187b7ab,Ibiza
4aee1804,Sepsi-Sfantu-Gheorghe
a862ea1d,UTA-Arad
099e0a8b,Rapid-Bucuresti
7f59c601,Middlesbrough
03ff5eeb,Cruzeiro
a9d0ab0e,Fortaleza
22a5a99c,Zurich
2fe3a344,Avellino
4fcb34fd,Benevento
61cd6504,Vasalund
9423c05a,Djurgarden
0e92bf17,Tigre
4d6fce81,Everton-U23
6777e16d,Hajduk-Split
8c635914,Spartak-Moscow
2818f8bc,Hertha-BSC
e272e7a8,York-City
8de86c22,Norwich-City-U23
b435dbf5,Shrewsbury-Town
b74092de,Ipswich-Town
dde3e804,Partizan
e3db180b,Zwolle
551328d6,Southport
d298ef2c,Saint-Etienne
132ebc33,Nice
ad0e69a2,Arsenal-U23
f56127be,West-Ham-United-U23
45bf2fb0,Arsenal-U21
54195385,Troyes
6f98eba9,Lommel-United
27e981a3,OH-Leuven
90eb0dcc,Stromsgodset
b2b47a98,Newcastle-United
6c15d7e1,Newport-County
d2bc69d1,Brighton-and-Hove-Albion-U23
d6e6321c,Peterborough-United
ec7fdeb7,Ufa
6a9477ca,Bromley
1c067385,Manchester-United-U21
9172ba36,Accrington-Stanley
7c4744f7,Cheltenham-Town
268a561a,Avispa-Fukuoka
740322cb,Reading-FC-U21
130f43fa,Toronto-FC
1df6b87e,Sheffield-United
ce786972,Chesterfield
8b9bf22a,AFC-Wimbledon
ff280e9e,Den-Bosch
0cdc4311,Augsburg
d9fdd9d9,Botafogo-RJ
86431469,New-York-Red-Bulls-II
69a0fb10,New-York-Red-Bulls
fd4e0f7d,Lens
bcb0c370,Javor-Ivanjica
6fc21c65,Panetolikos
f3d8c8b9,Malmo
27020d71,Werder-Bremen-II
6f2c108c,Nurnberg
4b682260,Young-Boys
74a5460e,Norwich-City-U21
259d3345,Valenciennes
e95faa7f,Arles-Avignon
c96d05af,Tours
fc22273c,CF-Montreal
2abfe087,Watford
426658a6,Wolfsberger-AC
e33d6108,Go-Ahead-Eagles
e00d111d,Al-Ittihad
19c8caf5,RSCA-Futures
dd87c217,Bethlehem-Steel-FC
c2ccd8f5,Kristiansund
7700eac9,SonderjyskE
6400d626,Servette-FC
174bd5a0,Molde
a324bb9a,Manchester-City-U21
422bb734,Atletico-Mineiro
4eaa11d7,Wolfsburg
247c4b67,Arminia
2fbdf057,1860-Munich
4f4b03ee,Wolfsburg-U19
54864664,St-Pauli
5b4413b6,Aston-Villa-U23
986a26c1,Northampton-Town
a757999c,Queens-Park-Rangers
293cb36b,Barnsley
afa3c276,West-Ham-United-U21
bba7d733,Sheffield-Wednesday
6a3b81bf,Bursaspor
e59ddc76,Wigan-Athletic
26ab47ee,Derby-County
f7e3dfe9,Coventry-City
75fae011,Cardiff-City
09f00144,Mechelen
e297cd13,Luton-Town
d84fbee9,Hamburger-SV-U17
63f04c5e,Athletic-Bilbao-B
9ec5e2c9,Sabadell
5f70a1fa,Amorebieta
76d8bafa,Numancia
bb9efd50,Sporting-Gijon
c9d59c6c,Pumas-UNAM
962428a8,Racing-Ferrol
576452c6,Real-Sociedad-B
01ef4cf1,Schalke-04-U19
c2f85bbb,Jong-AZ
3986b791,AZ-Alkmaar
93493607,Bristol-City
83f55dbe,Vasco-da-Gama
e0b973a6,Atletico-Nacional
b964e6bb,Catanzaro
71a3700b,Modena
939201df,Livorno
c41460da,FeralpiSalo
d5de8ff3,Gimnastic
0217e4d8,Beveren
4222a514,Hercules
045c971f,Alcorcon
27cc9c62,Tenerife
2de656d5,Famalicao
69236f98,Angers
408a9724,Villarreal-B
0f9294bd,Besiktas
eb7e5ea0,Lugo
fc629994,NEC-Nijmegen
2e99ee2e,Everton-U21
ee7c297c,Cadiz
bbd9ac49,Cartagena
5ae09109,Auxerre
64e81410,New-York-City-FC
8ed04be8,NAC-Breda
27b20cea,SK-Dnipro-1
8385b101,Shanghai-Greenland-Shenhua
d60423ef,Rostov
8ef52968,Sunderland
972e2539,Al-Hilal
18050b20,FC-Copenhagen
a8481ab9,Vasteras
6dc9bfb4,Orebro
11be4c0a,Al-Ettifaq
9cc24b7e,Al-Fayha
c16e44ce,Beerschot-Wilrijk
11da5cc7,Brighton-and-Hove-Albion-U21
f1eb9593,Forest-Green-Rovers
51e48db2,Rochdale
a8fbbb12,Wolverhampton-Wanderers-U21
d943111d,Dortmund-U19
90773bc8,Leicester-City-U23
7cbf5cb4,Blackpool
de731359,Chelsea-U21
056a5a75,Paris-FC
179c33c7,Southampton-U21
17fa6b14,Arsenal-Kyiv
bb1044a9,Desna-Chernihiv
d4547110,Dartford
bb9e11b2,Brommapojkarna
d5ae3703,Gremio
bd03cdde,Cerezo-Osaka
f83960ae,Metz
ab17f2e9,Parana
84d9701c,Fluminense
a73408a7,Legia-Warsaw
e8d2adc4,Cercle-Brugge
6928de6d,Stuttgart-U19
f0c0c2c2,CSKA-Moscow
9d04848a,Motherwell
25622401,Amiens
47b3e736,Sarpsborg-08
3e3fbf36,Universidad-Catolica
43d17b20,Chateauroux
2864c5a0,Lausanne-Sport
415b4465,Colorado-Rapids
34e7850d,Quevilly-Rouen
d9676424,Clermont-Foot
4cc7a87b,Yeni-Malatyaspor
bff39cf5,Istanbul-Basaksehir
2b41acb5,Almere-City
140e320a,Charleroi
a486e511,Freiburg
6c254a38,Dortmund-U17
cd5d7aa6,Le-Mans
2d860997,Middlesbrough-U23
77193015,Kortrijk
73a27a73,Kaiserslautern
cb89181d,Vejle-BK
95b895fe,Oostende
8724a375,Nurnberg-U17
6ed99f94,Nurnberg-U19
d9dd39c9,St-Pauli-U17
22c72f0b,St-Pauli-U19
34640cc6,Eintracht-Frankfurt-U17
7cc68edf,Eintracht-Frankfurt-U19
61fca1ee,Darmstadt-98-U17
7a54bb4f,Ajaccio
17366e53,Halmstad
60aa17d7,Valerenga
edd72164,Olhanense
37b7e9e2,Boavista
e4a775cb,Nottingham-Forest
5a5e7874,PAOK
00c41b75,Estoril
99ea75a6,Minnesota-United
0d36ddd4,Arouca
86b7acd2,Rangers
04bf3c00,Schalke-04-U17
386c1777,Napredak-Krusevac
70f96e85,Istres
ad2649a5,Piast-Gliwice
3902ac3a,Darlington
bd5179b9,Yeovil-Town
2091c619,Athletico-Paranaense
91df880d,Newcastle-United-U23
4ef57aeb,Brescia
ece66b78,Sport-Recife
912e4c40,Rapid-Wien
22df8478,Preston-North-End
41da1cf3,Cambridge-United
a8290768,Aldershot-Town
cbc02110,Bury
2b9f86b0,Southend-United
3149e189,Scunthorpe-United
b17b8146,Colchester-United
fcf5b1e1,Milton-Keynes-Dons
3ea79db4,Newcastle-United-U21
2c9bebcd,Slovan-Liberec
25f1fd26,Kilmarnock
dc06109e,Oster
f8a195cc,Helsingborg
31a305e0,Kettering-Town
6711b681,Tamworth
11b6dba8,Lanus
1ebc1a5b,Atlanta-United
f3a5726c,Panathinaikos
aca0450a,Stevenage
26f3c471,Rushden-and-Diamonds
793f90cb,Chester-City
d96bbc04,Walsall
dad7970b,Wrexham
604617a2,Oxford-United
375d66f1,Rotherham-United
30c24d2d,West-Bromwich-Albion-U23
d76b7bed,Lincoln-City
05791fbc,Exeter-City
3568ad4c,St-Mirren
f3aacc58,Hibernian
6934984c,Aston-Villa-U21
4db00b00,Dagenham-and-Redbridge
1c896955,Malaga
03d10d77,Doncaster-Rovers
6de8c4a5,Hoffenheim-U17
0d978394,Hoffenheim-U19
67cdee3a,Envigado
f9940243,Chicago-Fire
6baef27f,Al-Nassr
099c6eb5,Red-Star-Belgrade
31553c94,Melbourne-City
cbfe68b7,Puszcza-Niepolomice
d6a369a2,Fleetwood-Town
948f8c03,Foggia
d680d257,Coritiba
70766eab,Dordrecht
c882b88e,Heracles-Almelo
2d84bb17,Colon
7b046f08,Catania
9144bbcf,Juve-Stabia
7765008b,Belgrano
2a428619,Utrecht
fa263bb1,Pribram
111cbfb1,Slavia-Prague
e5927bd8,Aldosivi
9ea31445,Lierse
8efa4cdf,Barrow
63330a03,FSV-Frankfurt
979102f4,River-Plate-Asuncion
4d4fc0b8,Club-Olimpia
950a95f2,Gimnasia-y-Esgrima-LP
3cc6b990,Nottingham-Forest-U21
56f799dc,Richmond-Kickers
5379325a,Vozdovac
03d0f9c5,Torque
119d232e,Pro-Vercelli
c9607f44,Atromitos
80b1ef30,OFI-Crete
4b5ddee5,Hatayspor
bd08295c,Fortuna-Sittard
12eb2039,Ingolstadt-04
0b26f976,Viking
c880e925,Karlsruher-U19
3755f67e,Freiburg-U19
d7d06475,Admira-Wacker-Modling
aa20a5e5,Energie-Cottbus-U17
c1893176,Unterhaching-U17
ec68d97a,Unterhaching-U19
651b3d20,Hannover-96-U17
0b55fe1b,Hannover-96-U19
12062e3e,Rot-Weiss-Essen-U19
598306fb,Rot-Weiss-Essen-U17
a4988f5e,RB-Leipzig-U17
ce50e2f4,Ulm-U19
b5effd9e,Nautico
ab0dc306,Real-Murcia
40bb0ce9,Independiente
89e806ff,Seraing
15cf8f40,FC-Dallas
b162ebe7,Ponte-Preta
73905dde,Gazelec-Ajaccio
eb57545a,Charlotte-FC
cfdb925a,Aves
87af3b89,FK-Jedinstvo-Ub
42e847bc,Cukaricki
e423ea45,RWD-Molenbeek
74780d66,Varberg
9f13771c,Kalmar
d06bc460,Randers
9130bd3b,Rodez-Aveyron
6283be2c,Bastia
fb80957a,Atlanta-United-2
5d693933,Metalurh-Zaporizhya
44ef020f,Metalist-Kharkiv
8424bb18,Jablonec
1cab8847,FK-IMT-Novi-Beograd
c94d9135,Annecy
5d36c8f0,Lechia-Gdansk
ecd34b98,Zulte-Waregem
868afa3f,Dender
e83d13db,Red-Star
632f1838,Cruz-Azul
d2043442,Paraguay-Men
d423a378,Luzern
47538775,AD-Cali
d2f21b23,Gornik-Zabrze
713d0672,Lyngby
4dcf77da,Lugano
01888db1,Emmen
740cb7d4,Excelsior
541a280b,Dynamo-Moscow
2fb7213e,Levadiakos
65e32bbe,Ergotelis
ef1ab26a,Goteborg
7a899329,Hamilton-Academical
8bbab7cf,Aberdeen
f6c2b357,Falkenberg
50e85bfc,Elfsborg
e2948349,Gamba-Osaka
01c7a449,SC-Freiburg-II
454cd859,Werder-Bremen-U17
9811e0ce,Werder-Bremen-U19
fd7718b7,Mainz-05-II
cdaf4e6d,St-Gallen
391bc1a3,Ingolstadt-U17
32f8bc7d,Ingolstadt-U19
6724656e,Erzgebirge-Aue
7a131f8c,Kapfenberger
d9f93f02,Paderborn-07
6cf72eb0,Puskas-Akademia
858d58b2,Kawasaki-Frontale
1284d3f9,LDU-de-Quito
3f5150ef,Odense
21823154,Leeds-United-U21
76ffc013,Portsmouth
ee0bccc5,Austria-Wien
35596f77,Mainz-05-U17
ce4c058d,Mainz-05-U19
ae107695,Libertad
cb8b86a2,Inter-Miami
fff2fd6b,Sunderland-U23
00032902,Dundee
f7ac9c26,Derby-County-U23
4e7459b7,ADO-Den-Haag
6ca73159,Morecambe
62657aa0,Port-Vale
7c77b0bc,Heart-of-Midlothian
0cd8eef2,Crawley-Town
633fbb6e,Evian
fef8ad9e,Majadahonda
66da6009,San-Lorenzo
5c9eb756,Nacional
c6f65a93,CD-America
529ba333,Columbus-Crew
dee3bbc8,Racing-Santander
114f7a81,Al-Riyadh-SC
8867a809,Machida-Zelvia
dd694b37,Kashima-Antlers
c2153ae4,Stabaek
5f0284ea,Bochum-U19
ba68a0c5,Unterhaching
d20821dd,LASK
2ff6d16e,Mattersburg
5f618561,Union-Berlin-U19
707b3614,Chemnitzer-FC
eb4b278c,Saarbrucken
4c319052,Millonarios
40aa7280,Grenoble-Foot
4f7b798d,Jagiellonia
41d91186,Augsburg-U19
61d9850e,Niort
cbde2682,CSKA-Sofia
157b7fee,Bahia
e24ac92e,Debrecen
d076914e,Portland-Timbers
8774e267,Hacken
d8736fdd,Hereford-United
5af9af80,Greuther-Furth-U19
ad590ea7,Club-NXT
3ce4e72c,Osnabruck
eb207015,Aalen
e18a73da,Magdeburg
9babc1f9,Telstar
a036ca44,Osnabruck-U19
e5460de3,Hamburger-SV-U19
8bb8811f,Ried
7675ab36,Energie-Cottbus
3148d79f,Bradford-City
bc31a6e4,Hansa-Rostock
8783f4ee,Volendam
7e746554,Aalborg
c734e22f,Dynamo-Kyiv
ffbaa3d2,Ponferradina
4463fecb,Inverness-CT
43c2583e,Wycombe-Wanderers
02d8c2aa,Torquay-United
38154f92,FC-Halifax-Town
ccb036c4,LA-Galaxy-II
d8b46897,LA-Galaxy
af8be55a,Once-Caldas
6598bf6b,Wealdstone
44117292,DC-United
f70f4c6e,Loudoun-United
120cfbbd,Carlisle-United
d79847d4,Queens-Park-FC
23ced855,Rot-Weiss-Oberhausen-U19
8107958d,Eintracht-Braunschweig
93e94415,Meppen
fe686760,Elversberg
69574c30,Jong-Utrecht
f516c444,Stuttgart-U17
291257b3,Ulm
c85cd2da,Stoke-City-U23
3659060d,Alemannia-Aachen
bbfd364f,MSV-Duisburg
37232aec,Start
48e1a6dd,Vendsyssel
456c5e63,Tottenham-Hotspur-U23
488c6ba1,Ludogorets-Razgrad
bba63bc9,Seongnam
c63f6c0c,Sivasspor
5c9e307a,Cambuur
724d8770,Bourg-Peronnas
1cbf5f9e,Nimes
6e1d6d95,Recreativo
d884c383,Asteras-Tripoli
4a2c27a3,Volos-NFC
ac9a09b4,Godoy-Cruz
5f79c4a9,Pontevedra
91b092e1,San-Diego-FC
7cae8c7d,Jong-Twente
18d3c3a3,America
411a29ac,Tottenham-Hotspur-U21
e16a2df0,1860-Munich-U19
e4936888,Swansea-City-U23
b3bf8d09,Fulham-U21
d31db70e,Anzhi-Makhachkala
6466f662,Rionegro
a18a87d7,Grimsby-Town
fbb59f3a,Crystal-Palace-U21
5d3835bb,Huila
b363e21f,Sagan-Tosu
b6e0c777,Blackburn-Rovers-U23
5d817a64,Airdrieonians
5f01284a,Gillingham
32a1480e,Plymouth-Argyle
dd289621,St-Johnstone
42a1ab8b,Atletico-Tucuman
f052bc76,La-Calera
5049d576,OHiggins
44b79033,Fuenlabrada
fd7dad55,Leon
d9fac124,Burgos
fa36ed9b,Eldense
b82e5e21,Alcoyano
bbe40bd8,Inter-Zapresic
0132fa5f,Reus
7b0d4bb8,Teruel
ccdb10ba,Atletico-Ottawa
ef4d93b3,Vegalta-Sendai
50eaaf29,Monchengladbach-U17
df6f068b,Monchengladbach-U19
827a03db,Viktoria-Koln
90537983,Holstein-Kiel-U19
131bc303,Verl
d5d8ceaf,Opava
016ace97,AlbinoLeffe
25dbe099,Rijeka
de5cc3e9,Hrvatski-Dragovoljac
05cd3601,Grosseto
4cceedfc,Pisa
c5727287,Varazdin
46ef01d0,Orlando-City
bd97ac1f,St-Louis-City
e9ea41b2,FC-Cincinnati
94c74217,1860-Munich-U17
49f46afd,Turkgucu-Munchen
aabd9798,Wolfsburg-U17
4e32ce87,Dresden-U17
3458af25,Zaglebie-Lubin
0ec6c3db,Alfreton-Town
4a04a02b,Oldham-Athletic
8550eb99,Boreham-Wood
a549d6c6,Portimonense
11474078,La-Louviere
4792ab67,Macclesfield-Town
f6d47c93,Genclerbirligi
f622e63c,Rizespor
a33a1d8d,Sanfrecce-Hiroshima
e78963ab,FC-Eindhoven
7c60889d,Sestao
f49c0f7a,Istra-1961
b49d1b16,Carl-Zeiss-Jena
6a6967fc,Darmstadt-98
5809ddc3,Eupen
e5b6b0c1,Pau-FC
b9daacef,Vizela
bd9dc140,Sibenik
b43d1132,SC-Austria-Lustenau
bf9fcad9,Augsburg-U17
2640d362,Karlsruher-U17
80beba99,Rheindorf-Altach
0f8ef17f,Deportivo-La-Guaira
46024eeb,Philadelphia-Union
2ff539f3,Colo-Colo
d5348c80,AEK-Athens
a3ee587a,Tromso
076128d7,Alanyaspor
b70ec3fa,Odd
f951d655,Macarthur-FC
acffac85,Ilves
1740a29b,Dunkerque
48dd5b1b,Orleans
4cb59dcf,Vitoria-Setubal
7cf2360b,Maidenhead-United
098f39a8,JEF-United-Chiba
21bf1e40,Renofa-Yamaguchi
226ca873,Oita-Trinita
3ded797c,Yokohama-F-Marinos
b88463bd,Ankaragucu
9eb5fbc7,Helmond-Sport
1334a86c,Orgryte
3b58a049,Radomiak-Radom
4a0ff629,Beauvais-Oise
d039a39a,Birmingham-City-U23
84bbaea6,Al-Shabab
f7d86a43,Real-Salt-Lake
802d1b47,Harrogate
a5298e9f,Ross-County
95c626e5,FC-Gifu
66f38ee7,Vissel-Kobe
e442fa76,Tondela
967b10be,FC-Tokyo
60e145ad,Horsens
e44db2c6,MTK-Budapest
50e620c4,Union-Berlin-U17
b0dd06cd,Silkeborg
4149e9fd,Gyor
ee8f53af,Stuttgarter-Kickers
278db974,Vojvodina
8a3f95b9,Pogon-Szczecin
bd61c555,Fatih-Karagumruk
9e85b4f5,Zemun
72804f2b,Radnicki-Nis
12d53956,Astra-Giurgiu
34078b64,Voluntari
81e923a1,Piacenza
21e84826,Gubbio
e56b19e1,Kecskemet
108607cf,Ujpest
e2bede9e,Dusseldorf-U19
d9e1bd51,UANL
c3071553,FC-Honka
f4bbcd04,Haugesund
97d3c350,Yverdon-Sport
dd5ca9bd,Monterrey
283f2557,Cesena
563b8846,Defensor-Sporting
d143cf0a,Adana-Demirspor
6507d2b8,PAS-Giannina
a42ddf2f,Tijuana
7e3a56c4,Falkirk
7030fffd,SK-Austria-Klagenfurt
cfc6e778,Histon
e4cd6f9a,Cerro-Porteno
1d3d37ae,Huracan
bf4e8a13,Chaves
5ac76942,Antalyaspor
d25e7cd1,Sevilla-Atletico
7d704744,FK-Pardubice
9c87251a,Banik-Ostrava
6c37111f,Novara
3a3a612e,Fenix
70483169,Sunderland-U21
9bf4eaf4,Newells-Old-Boys
b30f94be,Altrincham
8d694a3d,Racing
e2fb1e72,Portland-Timbers-2
78455fe4,Maldonado
b2a0ca5d,Metalac-GM
13918110,Lorca-FC
06183666,Teplice
7ea2a556,UCAM-Murcia
1c57961b,Algeciras
c1b0f61b,Maritimo
3772159d,Baroka-FC
b8a68959,Orlando-Pirates
6cbef56e,Braintree-Town
aea94879,Welling-United
4cefb8c7,Salford-City
f7e88c47,Derby-County-U21
42dff5fb,Tianjin-TEDA
1837b9f6,Guangzhou-Evergrande-Taobao
be3375e1,Extremadura
32d508ca,Atletico-Goianiense
924759ab,Lillestrom
094c5701,Zbrojovka-Brno
48ab0f5f,Atletico-Venezuela
44b88a4e,Toluca
a23dde6d,Al-Qadsiah
a5c668fb,Brage
5700c020,Konyaspor
8c78c63b,Creteil
3a7a27c6,Levski-Sofia
e08f0ab8,Smederevo
0e6891d5,Patronato
e9ae80b7,Sarmiento
57d14db5,Osijek
6e27c465,Tarazona
3b147c89,Las-Rozas-CF
57b6cfb8,Westerlo
3692fadf,Degerfors
79c65a57,Gangwon
a338349f,Videoton
2f116859,Pendikspor
a8ad42f7,Hobro
8aa1135c,Terek-Grozny
4d987358,US-Concarneau
c1132314,Ventforet-Kofu
aed4d20f,Kashiwa-Reysol
3a49f9d8,Free-State-Stars
95f8ef61,Real-Monarchs
224b0274,FC-Khimki
e9d60d0c,Sirius
7d8a4e62,Orange-County-SC
b1a7a7b9,Mjallby
3d34cf05,Borac-Cacak
d254c5db,Universidad-Central
9b9a8c22,CA-Bucaramanga
f3cd3a26,MVV-Maastricht
aed59852,Steaua-Bucuresti
1eebf7c3,CS-Universitatea-Craiova
1d0836d6,Norrkoping
9b54c4af,Norrby
3cbfa767,Platense
bcdc5828,Zamora
693f4682,Changchun-Yatai
a7854d10,Santa-Fe
4fffe901,Viitorul-Constanta
67ae2dc0,Varese
890cfc60,PAS-Lamia
9e85547f,Solihull-Moors
13cb8449,Mansfield-Town
43e28cc5,Louisville-City
2d9ff02d,Gornik-Leczna
fe423bcc,Wisla-Plock
20f2ebda,Alloa-Athletic
4577342f,Dunfermline-Athletic
b864db53,Viktoria-Koln-U17
0a2bc34c,Alemannia-Aachen-U19
0ce4436d,Figueirense
299dbac7,Viktoria-Koln-U19
314c0329,Viktoria-Zizkov
70c92f33,Mlada-Boleslav
e4babb95,Diosgyor
02cd81bf,Viktoria-Plzen
a5b8480c,Sandefjord
cab13f30,Mezokovesd
0cb9f756,Estrela
0bca3a9e,Arsenal-Tula
257195fa,Rotor-Volgograd
32569fea,Eskisehirspor
9551340f,Beziers
81134e0b,Wellington-Phoenix
c2531814,Francs-Borains
f1161405,Eintracht-Braunschweig-U19
08610664,Uerdingen
4c2b6cd7,Wurzburger-Kickers
13ecb521,Saarbrucken-U19
6569155a,Heidenheim-U17
c0cb86fe,Heidenheim-U19
21499441,Preussen-Munster-U19
9d619fa8,Preussen-Munster-U17
282655b3,Ayr-United
407ae013,Chester
e0242ef1,Lokomotiv-Plovdiv
b075ba2a,Boyaca-Patriot
6c3c25bd,Guarani
081d4d3b,Ranheim
f4d63608,Calcio-Lecco-1912
13dabbde,Sudtirol
3b7d96a4,Swope-Park-Rangers
4acb0537,Sporting-Kansas-City
d7319d80,HJK-Helsinki
c63dd2d5,WSG-Tirol
534ac6d0,VVV-Venlo
c582b57f,Slask-Wroclaw
e0b3aa47,RKS-Rakow
a5e62940,Sonnenhof-Grossaspach
3cc30374,Sandnes-Ulf
5b8cfb05,Lahti
d9097887,Fastav-Zlin
d73f7c60,Giravanz-Kitakyushu
e7f2df64,Dresden-U19
e5079dc4,Rukh
6c5ba565,Zaglebie-Sosnowiec
701c353a,Maritzburg-United
e0279c6f,Zwickau
37a68655,Bochum-U17
42b37a13,Illichivets-Mariupol
1ad6cc2c,Panionios
6eda181d,MSV-Duisburg-U19
fac75dc4,Hokkaido-Consadole-Sapporo
3b5f520f,Fredrikstad
4faa6f09,Gorica
2af58c3d,Hartlepool-United
2e91bf26,Barnet
d795b1d0,Middlesbrough-U21
60d44c62,Fylde
be3afdb2,Sloboda-Point-Sevojno
555a9123,Orenburg
a2dc07ac,Tubize
f5b64cb1,Santa-Clara
29bff345,FC-Juarez
81d817a3,Los-Angeles-FC
c30e88bc,Woking
05ebd479,MSV-Duisburg-U17
